include,source,resourceName,pubSubDocument,publish_type_SOAP_EM_OHI,namespace,subscriberPortName,mapper,messageVariant,extraFilter,addResourcesAndQueryParams,storeToESER,end
y,aic,physicalassetmessage,n/a,EM,,umg_lpi_subscriber,n/a,raw,,y,y,end
d,arts,transferresponsemessage,n/a,EM,,umg_lpi_subscriber,n/a,raw,,y,n,end
y,aspen,ingestresponsemessage,n/a,EM,,umg_lpi_subscriber,n/a,raw,,y,n,end
y,aspen,fulfillmentresponsemessage,n/a,EM,,umg_lpi_subscriber,n/a,raw,,y,n,end
y,aspen,digitalassetupdateresponsemessage,n/a,EM,,umg_lpi_subscriber,n/a,raw,,y,y,end
y,aspen,digitalassetupdatenotificationmessage,n/a,EM,,umg_lpi_subscriber,n/a,raw,p.ReplyTo == "studiohub",y,n,end
y,aspen,digitalassetmessage,n/a,EM,,umg_lpi_subscriber,n/a,raw,,y,y,end
y,aspen,digitalassetmessage,n/a,EM,,umg_lpi_subscriber_demo,n/a,raw,,y,y,end
y,aspen,digitalassetupdatenotificationmessage,n/a,EM,,umg_lpi_subscriber_demo,n/a,raw,p.ReplyTo == "rws",y,n,end
y,bitmax.bam,resourceavailabilitynotification,n/a,SOAP,,umg_d2_subscriber,resourceavailablenotificationmapper,raw,,n,y,end
y,bitmax.bam,resourceavailabilitynotification,n/a,SOAP,,umg_r2_subscriber,resourceavailablenotificationmapper,raw,,n,y,end
y,bitmax.bam,resourceavailabilitynotification,n/a,SOAP,,umg_zeus_subscriber,resourceavailablenotificationmapper,raw,,n,y,end
y,bitmax.bam,resourceavailabilitynotification,n/a,SOAP,,umg_digs_rav_subscriber,n/a,raw,,n,y,end
y,bitmax.bam,resourceavailabilitynotification,n/a,SOAP,,umg_digs_rav_subscriber_qa,n/a,raw,,n,y,end
y,bitmax.bam2,resourceavailabilitynotification,n/a,SOAP,,umg_r2_subscriber,resourceavailablenotificationmapper,raw,,n,y,end
y,bitmax.bam2,resourceavailabilitynotification,n/a,SOAP,,umg_digs_rav_subscriber,n/a,raw,,n,y,end
y,bitmax.bam2,resourceavailabilitynotification,n/a,SOAP,,umg_digs_rav_subscriber_qa,n/a,raw,,n,y,end
y,dartaggregator,dartcprsreleaseschedule,n/a,EM,,umg_dart_subscriber,n/a,raw,,y,y,end
y,datalake,filemanifestmessage,n/a,EM,,umg_datalake_subscriber,n/a,raw,,y,y,end
y,datalake,filemanifestgroupmessage,n/a,EM,,umg_datalake_subscriber,n/a,raw,,y,y,end
y,digiplug.anthologic,resourceavailabilitynotification,n/a,SOAP,,umg_r2_subscriber,resourceavailablenotificationmapper,raw,,n,y,end
y,digiplug.anthologic,resourceavailabilitynotification,n/a,SOAP,,umg_aspen_subscriber,resourceavailablenotificationmapper,raw,,n,y,end
y,digiplug.anthologic,resourceavailabilitynotification,n/a,SOAP,,umg_digs_rav_subscriber,n/a,raw,,n,y,end
y,digiplug.anthologic,releasestatusnotification,n/a,SOAP,,umg_gps_firstorder_subscriber,gps_releasestatusnotificationmapper,raw,,n,y,end
y,digiplug.anthologic,releasestatusnotification,n/a,SOAP,,umg_digs_relstatus_subscriber,gps_releasestatusnotificationmapper,raw,,n,y,end
y,digiplug.anthologic,releasestatusnotification,n/a,SOAP,,umg_r2_subscriber,gps_releasestatusnotificationmapper,raw,p.RSN_Status == "ordered",n,y,end
y,digiplug.anthologic,releaseorderednotification,n/a,SOAP,,umg_r2_subscriber,n/a,raw,,n,y,end
y,digiplug.anthologic,releaseorderednotification,n/a,SOAP,,umg_gps_firstorder_subscriber,n/a,raw,,n,y,end
y,digiplug.anthologic,marketingandlegalrestrictionsnotification,n/a,SOAP,,bitmax_subscriber,n/a,raw,,n,y,end
y,digiplug.anthologic,internationalmarketingandlegalrestrictionsnotification,n/a,SOAP,,umg_gps_imlr_subscriber,n/a,raw,,n,y,end
y,digiplug.anthologic,internationalmarketingandlegalrestrictionsnotification,,SOAP,,umg_digsreporting_subscriber,n/a,raw,,n,y,end
y,digiplug.anthologic,releaseorderednotification,n/a,SOAP,,umg_digs_relstatus_subscriber,releasestatusmapper_releaseordered2releasestatus,raw,,n,y,end
y,digiplug.anthologic,marketingandlegalrestrictionsnotification,n/a,SOAP,,umg_digs_mlr_subscriber,n/a,raw,,n,y,end
y,digiplug.anthologic,resourceavailabilitynotification,n/a,SOAP,,umg_digs_rav_subscriber_qa,n/a,raw,,n,y,end
y,digiplug.anthologic,releasestatusnotification,n/a,SOAP,,umg_digs_relstatus_subscriber_qa,gps_releasestatusnotificationmapper,raw,,n,y,end
y,digiplug.anthologic,releaseorderednotification,n/a,SOAP,,umg_digs_relstatus_subscriber_qa,releasestatusmapper_releaseordered2releasestatus,raw,,n,y,end
y,digiplug.anthologic,marketingandlegalrestrictionsnotification,n/a,SOAP,,umg_digs_mlr_subscriber_qa,n/a,raw,,n,y,end
y,gps,globalresourcepricemessage,n/a,EM,,umg_lpi_subscriber,n/a,raw,,y,y,end
y,gps,globalreleasepricemessage,n/a,EM,,umg_lpi_subscriber,n/a,raw,,y,y,end
y,gps,globalreleasepricemessage,n/a,EM,,umg_disco_pricing_subscriber,n/a,raw,,y,y,end
y,gps,globalresourcepricemessage,n/a,EM,,umg_disco_pricing_subscriber,n/a,raw,,y,y,end
y,gps,globalresourcepricemessage,n/a,EM,,umg_lpi_subscriber_demo,n/a,raw,,y,y,end
y,gps,globalreleasepricemessage,n/a,EM,,umg_lpi_subscriber_demo,n/a,raw,,y,y,end
y,gta,carrier,ohi_gta_carrier_1_detail,OHI,http://schemas.umusic.com/servicemarket/ohi_gta_carrier_1_detail/19570825,umg_grcs_subscriber,gta_carriermapper,pubsubwrapped,,n,y,end
y,gta,companyaccount,ohi_gta_companyaccount_1_detail,OHI,http://schemas.umusic.com/servicemarket/ohi_gta_companyaccount_1_detail/19570825,umg_digs_gta_subscriber,gta_companyaccountmapper,pubsubwrapped,,n,y,end
y,gta,companyaccount,ohi_gta_companyaccount_1_detail,OHI,http://schemas.umusic.com/servicemarket/ohi_gta_companyaccount_1_detail/19570825,umg_digsreporting_subscriber,gta_companyaccountmapper,pubsubwrapped,,n,y,end
y,gta,configuration,ohi_gta_configuration_1_detail,OHI,http://schemas.umusic.com/servicemarket/ohi_gta_configuration_1_detail/19570825,umg_digsreporting_subscriber,gta_configurationmapper,pubsubwrapped,,n,y,end
y,gta,configuration,ohi_gta_configuration_1_detail,OHI,http://schemas.umusic.com/servicemarket/ohi_gta_configuration_1_detail/19570825,umg_grcs_subscriber,gta_configurationmapper,pubsubwrapped,,n,y,end
y,gta,configuration,ohi_gta_configuration_1_detail,OHI,http://schemas.umusic.com/servicemarket/ohi_gta_configuration_1_detail/19570825,umg_digs_gta_subscriber,gta_configurationmapper,pubsubwrapped,,n,y,end
y,gta,configuration,ohi_gta_configuration_1_detail,OHI,http://schemas.umusic.com/servicemarket/ohi_gta_configuration_1_detail/19570825,umg_musicgadget_subscriber,gta_configurationmapper,pubsubwrapped,,n,y,end
y,gta,country,ohi_gta_country_1_detail,OHI,http://schemas.umusic.com/servicemarket/ohi_gta_country_1_detail/19570825,umg_digs_gta_subscriber,gta_countrymapper,pubsubwrapped,,n,y,end
y,gta,country,ohi_gta_country_1_detail,OHI,http://schemas.umusic.com/servicemarket/ohi_gta_country_1_detail/19570825,umg_digsreporting_subscriber,gta_countrymapper,pubsubwrapped,,n,y,end
y,gta,country,ohi_gta_country_1_detail,OHI,http://schemas.umusic.com/servicemarket/ohi_gta_country_1_detail/19570825,umg_grcs_subscriber,gta_countrymapper,pubsubwrapped,,n,y,end
y,gta,country,ohi_gta_country_1_detail,OHI,http://schemas.umusic.com/servicemarket/ohi_gta_country_1_detail/19570825,umg_musicgadget_subscriber,gta_countrymapper,pubsubwrapped,,n,y,end
y,gta,currency,ohi_gta_currency_1_detail,OHI,http://schemas.umusic.com/servicemarket/ohi_gta_currency_1_detail/19570825,umg_grcs_subscriber,gta_currencymapper,pubsubwrapped,,n,y,end
y,gta,parentterritory,ohi_gta_parentterritory_1_detail,OHI,http://schemas.umusic.com/servicemarket/ohi_gta_parentterritory_1_detail/19570825,umg_grcs_subscriber,gta_parentterritorymapper,pubsubwrapped,,n,y,end
y,gta,territory,ohi_gta_territory_1_detail,OHI,http://schemas.umusic.com/servicemarket/ohi_gta_territory_1_detail/19570825,umg_grcs_subscriber,gta_territorymapper,pubsubwrapped,,n,y,end
y,gta,territory,ohi_gta_territory_1_detail,OHI,http://schemas.umusic.com/servicemarket/ohi_gta_territory_1_detail/19570825,umg_digsreporting_subscriber,gta_territorymapper,pubsubwrapped,,n,y,end
y,gta,territory,ohi_gta_territory_1_detail,OHI,http://schemas.umusic.com/servicemarket/ohi_gta_territory_1_detail/19570825,umg_digs_gta_subscriber,n/a,pubsubwrapped,,n,y,end
y,gta,territoryarea,ohi_gta_territoryarea_1_detail,OHI,http://schemas.umusic.com/servicemarket/ohi_gta_territoryarea_1_detail/19570825,umg_digs_gta_subscriber,gta_territoryareamapper,pubsubwrapped,,n,y,end
y,gta,territoryarea,ohi_gta_territoryarea_1_detail,OHI,http://schemas.umusic.com/servicemarket/ohi_gta_territoryarea_1_detail/19570825,umg_digsreporting_subscriber,gta_territoryareamapper,pubsubwrapped,,n,y,end
y,gta,territoryarea,ohi_gta_territoryarea_1_detail,OHI,http://schemas.umusic.com/servicemarket/ohi_gta_territoryarea_1_detail/19570825,umg_grcs_subscriber,gta_territoryareamapper,pubsubwrapped,,n,y,end
y,gta,territorycountry,ohi_gta_territorycountry_1_detail,OHI,http://schemas.umusic.com/servicemarket/ohi_gta_territorycountry_1_detail/19570825,umg_digs_gta_subscriber,gta_territorycountrymapper,pubsubwrapped,,n,y,end
y,gta,territorycountry,ohi_gta_territorycountry_1_detail,OHI,http://schemas.umusic.com/servicemarket/ohi_gta_territorycountry_1_detail/19570825,umg_digsreporting_subscriber,gta_territorycountrymapper,pubsubwrapped,,n,y,end
y,gta,territorycountry,ohi_gta_territorycountry_1_detail,OHI,http://schemas.umusic.com/servicemarket/ohi_gta_territorycountry_1_detail/19570825,umg_grcs_subscriber,gta_territorycountrymapper,pubsubwrapped,,n,y,end
y,gta,territorycountry,ohi_gta_territorycountry_1_detail,OHI,http://schemas.umusic.com/servicemarket/ohi_gta_territorycountry_1_detail/19570825,umg_digs_gta_subscriber_qa,gta_territorycountrymapper,pubsubwrapped,,n,y,end
y,gta,territoryarea,ohi_gta_territoryarea_1_detail,OHI,http://schemas.umusic.com/servicemarket/ohi_gta_territoryarea_1_detail/19570825,umg_digs_gta_subscriber_qa,gta_territoryareamapper,pubsubwrapped,,n,y,end
y,gta,territory,ohi_gta_territory_1_detail,OHI,http://schemas.umusic.com/servicemarket/ohi_gta_territory_1_detail/19570825,umg_digs_gta_subscriber_qa,n/a,pubsubwrapped,,n,y,end
y,gta,country,ohi_gta_country_1_detail,OHI,http://schemas.umusic.com/servicemarket/ohi_gta_country_1_detail/19570825,umg_digs_gta_subscriber_qa,gta_countrymapper,pubsubwrapped,,n,y,end
y,gta,configuration,ohi_gta_configuration_1_detail,OHI,http://schemas.umusic.com/servicemarket/ohi_gta_configuration_1_detail/19570825,umg_digs_gta_subscriber_qa,gta_configurationmapper,pubsubwrapped,,n,y,end
y,gta,companyaccount,ohi_gta_companyaccount_1_detail,OHI,http://schemas.umusic.com/servicemarket/ohi_gta_companyaccount_1_detail/19570825,umg_digs_gta_subscriber_qa,gta_companyaccountmapper,pubsubwrapped,,n,y,end
y,gto,company,ohi_gto_company_1_detail,OHI,http://schemas.umusic.com/servicemarket/ohi_gto_company_1_detail/19570825,umg_digs_gta_subscriber,gta_companymapper,pubsubwrapped,,n,y,end
y,gto,company,ohi_gto_company_1_detail,OHI,http://schemas.umusic.com/servicemarket/ohi_gto_company_1_detail/19570825,umg_digsreporting_subscriber,gta_companymapper,pubsubwrapped,,n,y,end
y,gto,company,ohi_gto_company_1_detail,OHI,http://schemas.umusic.com/servicemarket/ohi_gto_company_1_detail/19570825,umg_grcs_subscriber,gta_companymapper,pubsubwrapped,,n,y,end
y,gto,company,ohi_gto_company_1_detail,OHI,http://schemas.umusic.com/servicemarket/ohi_gto_company_1_detail/19570825,umg_d2_subscriber,gta_companymapper,pubsubwrapped,,n,y,end
y,gto,companydivision,ohi_gto_companydivision_1_detail,OHI,http://schemas.umusic.com/servicemarket/ohi_gto_companydivision_1_detail/19570825,umg_digs_gta_subscriber,gta_companydivisionmapper,pubsubwrapped,,n,y,end
y,gto,companydivision,ohi_gto_companydivision_1_detail,OHI,http://schemas.umusic.com/servicemarket/ohi_gto_companydivision_1_detail/19570825,umg_digsreporting_subscriber,gta_companydivisionmapper,pubsubwrapped,,n,y,end
y,gto,companydivision,ohi_gto_companydivision_1_detail,OHI,http://schemas.umusic.com/servicemarket/ohi_gto_companydivision_1_detail/19570825,umg_grcs_subscriber,gta_companydivisionmapper,pubsubwrapped,,n,y,end
y,gto,divisionlabel,ohi_gto_divisionlabel_1_detail,OHI,http://schemas.umusic.com/servicemarket/ohi_gto_divisionlabel_1_detail/19570825,umg_digs_gta_subscriber,gta_divisionlabelmapper,pubsubwrapped,,n,y,end
y,gto,divisionlabel,ohi_gto_divisionlabel_1_detail,OHI,http://schemas.umusic.com/servicemarket/ohi_gto_divisionlabel_1_detail/19570825,umg_digsreporting_subscriber,gta_divisionlabelmapper,pubsubwrapped,,n,y,end
y,gto,divisionlabel,ohi_gto_divisionlabel_1_detail,OHI,http://schemas.umusic.com/servicemarket/ohi_gto_divisionlabel_1_detail/19570825,umg_grcs_subscriber,gta_divisionlabelmapper,pubsubwrapped,,n,y,end
y,gto,family,ohi_gto_family_1_detail,OHI,http://schemas.umusic.com/servicemarket/ohi_gto_family_1_detail/19570825,umg_digs_gta_subscriber,gta_familymapper,pubsubwrapped,,n,y,end
y,gto,family,ohi_gto_family_1_detail,OHI,http://schemas.umusic.com/servicemarket/ohi_gto_family_1_detail/19570825,umg_digsreporting_subscriber,gta_familymapper,pubsubwrapped,,n,y,end
y,gto,familycompany,ohi_gto_familycompany_1_detail,OHI,http://schemas.umusic.com/servicemarket/ohi_gto_familycompany_1_detail/19570825,umg_digs_gta_subscriber,gta_familycompanymapper,pubsubwrapped,,n,y,end
y,gto,familycompany,ohi_gto_familycompany_1_detail,OHI,http://schemas.umusic.com/servicemarket/ohi_gto_familycompany_1_detail/19570825,umg_digsreporting_subscriber,gta_familycompanymapper,pubsubwrapped,,n,y,end
y,gto,label,ohi_gto_label_1_detail,OHI,http://schemas.umusic.com/servicemarket/ohi_gto_label_1_detail/19570825,umg_digs_gta_subscriber,gta_labelmapper,pubsubwrapped,,n,y,end
y,gto,label,ohi_gto_label_1_detail,OHI,http://schemas.umusic.com/servicemarket/ohi_gto_label_1_detail/19570825,umg_digsreporting_subscriber,gta_labelmapper,pubsubwrapped,,n,y,end
y,gto,label,ohi_gto_label_1_detail,OHI,http://schemas.umusic.com/servicemarket/ohi_gto_label_1_detail/19570825,umg_grcs_subscriber,gta_labelmapper,pubsubwrapped,,n,y,end
y,gto,label,ohi_gto_label_1_detail,OHI,http://schemas.umusic.com/servicemarket/ohi_gto_label_1_detail/19570825,umg_musicgadget_subscriber,gta_labelmapper,pubsubwrapped,,n,y,end
y,gto,company,n/a,OHI,,umg_eai_subscriber,gta_companymapper,emasis,,n,y,end
y,gto,label,ohi_gto_label_1_detail,OHI,http://schemas.umusic.com/servicemarket/ohi_gto_label_1_detail/19570825,umg_digs_gta_subscriber_qa,gta_labelmapper,pubsubwrapped,,n,y,end
y,gto,familycompany,ohi_gto_familycompany_1_detail,OHI,http://schemas.umusic.com/servicemarket/ohi_gto_familycompany_1_detail/19570825,umg_digs_gta_subscriber_qa,gta_familycompanymapper,pubsubwrapped,,n,y,end
y,gto,family,ohi_gto_family_1_detail,OHI,http://schemas.umusic.com/servicemarket/ohi_gto_family_1_detail/19570825,umg_digs_gta_subscriber_qa,gta_familymapper,pubsubwrapped,,n,y,end
y,gto,divisionlabel,ohi_gto_divisionlabel_1_detail,OHI,http://schemas.umusic.com/servicemarket/ohi_gto_divisionlabel_1_detail/19570825,umg_digs_gta_subscriber_qa,gta_divisionlabelmapper,pubsubwrapped,,n,y,end
y,gto,companydivision,ohi_gto_companydivision_1_detail,OHI,http://schemas.umusic.com/servicemarket/ohi_gto_companydivision_1_detail/19570825,umg_digs_gta_subscriber_qa,gta_companydivisionmapper,pubsubwrapped,,n,y,end
y,gto,company,ohi_gto_company_1_detail,OHI,http://schemas.umusic.com/servicemarket/ohi_gto_company_1_detail/19570825,umg_digs_gta_subscriber_qa,gta_companymapper,pubsubwrapped,,n,y,end
y,hits,hitstranslationmessage,n/a,EM,,umg_rdw_subscriber,n/a,raw,,y,n,end
y,ingrooves.indma,releaseorderednotification,n/a,SOAP,,umg_r2_subscriber,n/a,raw,,n,y,end
y,ingrooves.indma,releaseorderednotification,n/a,SOAP,,umg_gps_firstorder_subscriber,n/a,raw,,n,y,end
y,ingrooves.indma,releaseorderednotification,n/a,SOAP,,umg_digs_relstatus_subscriber,releasestatusmapper_releaseordered2releasestatus,raw,,n,y,end
y,ingrooves.indma,releasestatusnotification,n/a,SOAP,,umg_digs_relstatus_subscriber,gps_releasestatusnotificationmapper,raw,,n,y,end
y,ingrooves.indma,releasestatusnotification,n/a,SOAP,,umg_gps_firstorder_subscriber,gps_releasestatusnotificationmapper,raw,,n,y,end
y,ingrooves.indma,releasestatusnotification,n/a,SOAP,,umg_r2_subscriber,gps_releasestatusnotificationmapper,raw,,n,y,end
y,ingrooves.indma,resourceavailabilitynotification,n/a,SOAP,,umg_r2_subscriber,n/a,raw,,n,y,end
y,ingrooves.indma,resourceavailabilitynotification,n/a,SOAP,,umg_d2_subscriber,n/a,raw,,n,y,end
y,ingrooves.indma,resourceavailabilitynotification,n/a,SOAP,,umg_zeus_subscriber,n/a,raw,,n,y,end
y,ingrooves.indma,resourceavailabilitynotification,n/a,SOAP,,umg_aspen_subscriber,n/a,raw,,n,y,end
y,ingrooves.indma,resourceavailabilitynotification,n/a,SOAP,,umg_digs_rav_subscriber,resourceavailablenotificationmapper_v2tov3_halindmatoaspenhercules,raw,,n,y,end
y,ingrooves.indma,resourceavailabilitynotification,n/a,SOAP,,umg_digs_rav_subscriber_qa,resourceavailablenotificationmapper_v2tov3_halindmatoaspenhercules,raw,,n,y,end
y,ingrooves.indma,releasestatusnotification,n/a,SOAP,,umg_digs_relstatus_subscriber_qa,gps_releasestatusnotificationmapper,raw,,n,y,end
y,ingrooves.indma,releaseorderednotification,n/a,SOAP,,umg_digs_relstatus_subscriber_qa,releasestatusmapper_releaseordered2releasestatus,raw,,n,y,end
y,ingrooves.zeus,releaseorderednotification,n/a,SOAP,,umg_r2_subscriber,n/a,raw,,n,y,end
y,ingrooves.zeus,releaseorderednotification,n/a,SOAP,,umg_gps_firstorder_subscriber,n/a,raw,,n,y,end
y,ingrooves.zeus,releaseorderednotification,n/a,SOAP,,umg_digs_relstatus_subscriber,releasestatusmapper_releaseordered2releasestatus,raw,,n,y,end
y,ingrooves.zeus,releasestatusnotification,n/a,SOAP,,umg_gps_firstorder_subscriber,gps_releasestatusnotificationmapper,raw,,n,y,end
y,ingrooves.zeus,releasestatusnotification,n/a,SOAP,,umg_digs_relstatus_subscriber,gps_releasestatusnotificationmapper,raw,,n,y,end
y,ingrooves.zeus,releasestatusnotification,n/a,SOAP,,umg_r2_subscriber,gps_releasestatusnotificationmapper,raw,,n,y,end
y,ingrooves.zeus,releasestatusnotification,n/a,SOAP,,umg_digs_relstatus_subscriber_qa,gps_releasestatusnotificationmapper,raw,,n,y,end
y,ingrooves.zeus,releaseorderednotification,n/a,SOAP,,umg_digs_relstatus_subscriber_qa,releasestatusmapper_releaseordered2releasestatus,raw,,n,y,end
y,metadataservices,releaseregistrationresponsemessage,n/a,EM,,umg_lpi_subscriber,n/a,raw,,y,y,end
y,metadataservices,resourceregistrationresponsemessage,n/a,EM,,umg_lpi_subscriber,n/a,raw,,y,y,end
y,metadataservices,defaultreleasepricingresponsemessage,n/a,EM,,umg_lpi_subscriber,n/a,raw,,y,y,end
y,metadataservices,r2releasenotificationmessage,n/a,EM,,umg_lpi_subscriber,n/a,raw,,y,y,end
y,metadataservices,r2releasenotificationmessage,n/a,EM,,umg_lpi_subscriber_demo,n/a,raw,,y,y,end
y,metadataservices,audioregistrationresponsemessage,n/a,EM,,umg_lpi_subscriber,n/a,raw,,y,y,end
y,metadataservices,imageregistrationresponsemessage,n/a,EM,,umg_lpi_subscriber,n/a,raw,,y,y,end
y,rpm,releaseregistrationrequestmessage,n/a,EM,,umg_metadataservices_subscriber,n/a,raw,,y,y,end
y,rws,imageregistrationrequestmessage,n/a,EM,,umg_metadataservices_subscriber,n/a,raw,,y,y,end
y,sonydadc,umgpartnerdelivery,n/a,EM,,umg_digsreporting_subscriber,n/a,raw,,n,y,end
y,sonydadc,umgpartnerprofile,n/a,EM,,umg_digsreporting_subscriber,n/a,raw,,n,y,end
y,sonydadc,ddexnewreleasemessage,n/a,EM,,umg_digsreporting_subscriber,n/a,raw,,n,y,end
y,sonydadc,umgpartnerdelivery,n/a,EM,,umg_digsreporting_subscriber_dev,n/a,raw,,n,y,end
y,sonydadc,umgpartnerprofile,n/a,EM,,umg_digsreporting_subscriber_dev,n/a,raw,,n,y,end
y,sonydadc,ddexnewreleasemessage,n/a,EM,,umg_digsreporting_subscriber_dev,n/a,raw,,n,y,end
y,sonydadc,partnerprofilemessage,n/a,EM,,umg_lpi_subscriber,n/a,raw,,y,y,end
y,sonydadc,supplychainstatusmessage,n/a,EM,,umg_lpi_subscriber,n/a,raw,,y,y,end
y,sonydadc,supplychainstatusmessage,n/a,EM,,umg_lpi_subscriber_demo,n/a,raw,,y,y,end
y,sonydadc,partnerprofilemessage,n/a,EM,,umg_lpi_subscriber_demo,n/a,raw,,y,y,end
y,sonydadc,partnerprofilemessage,n/a,EM,,umg_gps_rest_subscriber,n/a,raw,,y,y,end
y,studiohub,grscontractrightsload,n/a,EM,,umg_grcs_subscriber,n/a,raw,,n,y,end
y,studiohub,dealoperatingparametersmessage,n/a,EM,,umg_lpi_subscriber,n/a,raw,,y,y,end
y,studiohub,fulfillmentrequestmessage,n/a,EM,,umg_aspen_rest_subscriber,n/a,raw,,y,n,end
y,studiohub,digitalassetupdaterequestmessage,n/a,EM,,umg_aspen_rest_subscriber,n/a,raw,,y,y,end
y,studiohub,dealproductroyaltyprovisionsmessage,n/a,EM,,umg_globalroyalties_subscriber,n/a,raw,,y,n,end
y,studiohub,defaultreleasepricingrequestmessage,n/a,EM,,umg_metadataservices_subscriber,n/a,raw,,y,y,end
y,studiohub,resourceregistrationrequestmessage,n/a,EM,,umg_metadataservices_subscriber,n/a,raw,,y,y,end
y,studiohub,dealproductroyaltyprovisionsmessage,n/a,EM,,umg_rdw_subscriber,n/a,raw,,y,n,end
y,studiohub,dealcontractuallanguagemessage,n/a,EM,,umg_rdw_subscriber,n/a,raw,,y,n,end
y,studiohub,audioregistrationrequestmessage,n/a,EM,,umg_metadataservices_subscriber,n/a,raw,,y,y,end
y,studiohub,dealcontractuallanguagemessage,n/a,EM,,umg_globalroyalties_subscriber,n/a,raw,,y,n,end
d,studiohub,transferrequestmessage,n/a,EM,,umg_arts_subscriber,n/a,raw,,y,n,end
y,umg.r2,talent,ohi_umg.r2_talent_1_detail,OHI,http://schemas.umusic.com/servicemarket/ohi_umg.r2_talent_1_detail/19570825,umg_musicgadget_subscriber,n/a,pubsubwrapped,,n,y,end
n,umg.r2,release,ohi_umg.r2_release_1_detail,OHI,http://schemas.umusic.com/servicemarket/ohi_umg.r2_release_1_detail/19570825,umg_digs_r2_subscriber,n/a,pubsubwrapped,,n,y,end
n,umg.r2,releaselocal,ohi_umg.r2_releaselocal_1_detail,OHI,http://schemas.umusic.com/servicemarket/ohi_umg.r2_releaselocal_1_detail/19570825,umg_digs_r2_subscriber,n/a,pubsubwrapped,,n,y,end
n,umg.r2,resource,ohi_umg.r2_resource_1_detail,OHI,http://schemas.umusic.com/servicemarket/ohi_umg.r2_resource_1_detail/19570825,umg_digs_r2_subscriber,n/a,pubsubwrapped,,n,y,end
n,umg.r2,talentname,ohi_umg.r2_talentname_1_detail,OHI,http://schemas.umusic.com/servicemarket/ohi_umg.r2_talentname_1_detail/19570825,umg_digs_r2_subscriber,n/a,pubsubwrapped,,n,y,end
n,umg.r2,translation,ohi_umg.r2_translation_1_detail,OHI,http://schemas.umusic.com/servicemarket/ohi_umg.r2_translation_1_detail/19570825,umg_digs_r2_subscriber,n/a,pubsubwrapped,p.R2TranlationCountryId == "jp" && p.R2TranlationLanguageNoÂ ==11,n,y,end
n,umg.r2,translationentity,ohi_umg.r2_translationentity_1_detail,OHI,http://schemas.umusic.com/servicemarket/ohi_umg.r2_translationentity_1_detail/19570825,umg_digs_r2_subscriber,n/a,pubsubwrapped,,n,y,end
n,umg.r2,jpreleaselan,ohi_umg.r2_jpreleaselan_1_detail,OHI,http://schemas.umusic.com/servicemarket/ohi_umg.r2_jpreleaselan_1_detail/19570825,umg_digs_r2_subscriber,n/a,pubsubwrapped,,n,y,end
y,studiohub,dealproductroyaltyprovisionsmessage,n/a,EM,,umg_globalroyalties_subscriber_dev,n/a,raw,,y,n,end
y,studiohub,dealcontractuallanguagemessage,n/a,EM,,umg_globalroyalties_subscriber,n/a,raw,,y,n,end
y,umg.atlas,artistrosterproject,ohi_umg.atlas_artistrosterproject_1_detail,OHI,http://schemas.umusic.com/servicemarket/ohi_umg.atlas_artistrosterproject_1_detail/19570825,umg_digsreporting_subscriber,n/a,pubsubwrapped,,n,y,end
y,umg.atlas,entitylabel,ohi_umg.atlas_entitylabel_1_detail,OHI,http://schemas.umusic.com/servicemarket/ohi_umg.atlas_entitylabel_1_detail/19570825,umg_digsreporting_subscriber,n/a,pubsubwrapped,,n,y,end
d,umg.blue,product,ohi_umg.blue_product_1_detail,OHI,http://schemas.umusic.com/servicemarket/ohi_umg.blue_product_1_detail/19570825,umg_digs_blue_subscriber,n/a,pubsubwrapped,,n,d,end
y,umg.blue,resourcedurationupdatenotification,ohi_umg.blue_resourcedurationupdatenotification_1_detail,OHI,http://schemas.umusic.com/servicemarket/ohi_umg.blue_resourcedurationupdatenotification_1_detail/19570825,umg_r2_subscriber,n/a,pubsubwrapped,,n,y,end
y,umg.blue,japancompanynotification,ohi_umg.blue_japancompanynotification_1_detail,OHI,http://schemas.umusic.com/servicemarket/ohi_umg.blue_japancompanynotification_1_detail/19570825,umg_r2_subscriber,n/a,pubsubwrapped,,n,y,end
d,umg.blue,product,ohi_umg.blue_product_1_detail,OHI,http://schemas.umusic.com/servicemarket/ohi_umg.blue_product_1_detail/19570825,umg_digs_blue_subscriber_qa,n/a,pubsubwrapped,,n,d,end
y,umg.cla,cartupdatenotification,n/a,SOAP,,umg_d2_subscriber,n/a,raw,,n,y,end
y,umg.cla,workcertifiednotification,n/a,SOAP,,umg_r2_cla_subscriber,n/a,raw,,n,y,end
y,umg.cla,talentnamechangenotification,n/a,SOAP,,umg_r2_cla_subscriber,n/a,raw,,n,y,end
y,umg.cla,publishernamechangenotification,n/a,SOAP,,umg_r2_cla_subscriber,n/a,raw,,n,y,end
y,umg.contraxx,grscontractrightsload,n/a,SOAP,,umg_grcs_subscriber,n/a,raw,,n,y,end
y,umg.cprs,billofmaterials,ohi_umg.cprs_billofmaterials_1_detail,OHI,http://schemas.umusic.com/servicemarket/ohi_umg.cprs_billofmaterials_1_detail/19570825,umg_digsreporting_subscriber,n/a,pubsubwrapped,,n,y,end
D,umg.cprs,billofmaterials,ohi_umg.cprs_billofmaterials_1_detail,OHI,http://schemas.umusic.com/servicemarket/ohi_umg.cprs_billofmaterials_1_detail/19570825,umg_edc_bom_subscriber,n/a,pubsubwrapped,,n,y,end
y,umg.cprs,billofmaterials,ohi_umg.cprs_billofmaterials_1_detail,OHI,http://schemas.umusic.com/servicemarket/ohi_umg.cprs_billofmaterials_1_detail/19570825,umg_sony_dadc_manufacturing,n/a,pubsubwrapped,,n,y,end
y,umg.cprs,billofmaterials,ohi_umg.cprs_billofmaterials_1_detail,OHI,http://schemas.umusic.com/servicemarket/ohi_umg.cprs_billofmaterials_1_detail/19570825,umg_jda_subscriber,n/a,pubsubwrapped,,n,y,end
y,umg.cprs,billofmaterials,ohi_umg.cprs_billofmaterials_1_detail,OHI,http://schemas.umusic.com/servicemarket/ohi_umg.cprs_billofmaterials_1_detail/19570825,umg_ods_subscriber,n/a,pubsubwrapped,,n,y,end
y,umg.cprs,billofmaterials,ohi_umg.cprs_billofmaterials_1_detail,OHI,http://schemas.umusic.com/servicemarket/ohi_umg.cprs_billofmaterials_1_detail/19570825,umg_berlin_cprs_bom_subscriber,n/a,pubsubwrapped,,n,y,end
y,umg.cprs,billofmaterials,ohi_umg.cprs_billofmaterials_1_detail,OHI,http://schemas.umusic.com/servicemarket/ohi_umg.cprs_billofmaterials_1_detail/19570825,umg_uk_subscriber,n/a,pubsubwrapped,,n,y,end
y,umg.cprs,billofmaterials,ohi_umg.cprs_billofmaterials_1_detail,OHI,http://schemas.umusic.com/servicemarket/ohi_umg.cprs_billofmaterials_1_detail/19570825,umg_sap_cprs_subscriber,n/a,pubsubwrapped,,n,y,end
y,umg.cprs,billofmaterials,ohi_umg.cprs_billofmaterials_1_detail,OHI,http://schemas.umusic.com/servicemarket/ohi_umg.cprs_billofmaterials_1_detail/19570825,umg_sony_dadc_distribution,n/a,pubsubwrapped,,n,y,end
y,umg.cprs,physicalreleaseschedule,ohi_umg.cprs_physicalreleaseschedule_1_detail,OHI,http://schemas.umusic.com/servicemarket/ohi_umg.cprs_physicalreleaseschedule_1_detail/19570825,umg_digsreporting_subscriber,n/a,pubsubwrapped,,n,y,end
D,umg.cprs,physicalreleaseschedule,ohi_umg.cprs_physicalreleaseschedule_1_detail,OHI,http://schemas.umusic.com/servicemarket/ohi_umg.cprs_physicalreleaseschedule_1_detail/19570825,umg_edc_prs_subscriber,n/a,pubsubwrapped,,n,y,end
y,umg.cprs,physicalreleaseschedule,ohi_umg.cprs_physicalreleaseschedule_1_detail,OHI,http://schemas.umusic.com/servicemarket/ohi_umg.cprs_physicalreleaseschedule_1_detail/19570825,umg_grcs_subscriber,n/a,pubsubwrapped,,n,y,end
y,umg.cprs,physicalreleaseschedule,ohi_umg.cprs_physicalreleaseschedule_1_detail,OHI,http://schemas.umusic.com/servicemarket/ohi_umg.cprs_physicalreleaseschedule_1_detail/19570825,umg_ods_subscriber,n/a,pubsubwrapped,,n,y,end
y,umg.cprs,physicalreleaseschedule,ohi_umg.cprs_physicalreleaseschedule_1_detail,OHI,http://schemas.umusic.com/servicemarket/ohi_umg.cprs_physicalreleaseschedule_1_detail/19570825,umg_rdx_cprs_prs_subscriber,n/a,pubsubwrapped,,n,y,end
y,umg.cprs,physicalreleaseschedule,ohi_umg.cprs_physicalreleaseschedule_1_detail,OHI,http://schemas.umusic.com/servicemarket/ohi_umg.cprs_physicalreleaseschedule_1_detail/19570825,umg_sony_dadc_manufacturing,n/a,pubsubwrapped,,n,y,end
y,umg.cprs,physicalreleaseschedule,ohi_umg.cprs_physicalreleaseschedule_1_detail,OHI,http://schemas.umusic.com/servicemarket/ohi_umg.cprs_physicalreleaseschedule_1_detail/19570825,umg_australia_subscriber,n/a,pubsubwrapped,,n,y,end
y,umg.cprs,physicalreleaseschedulev3,ohi_umg.cprs_physicalreleaseschedulev3_1_detail,OHI,http://schemas.umusic.com/servicemarket/ohi_umg.cprs_physicalreleaseschedulev3_1_detail/19570825,umg_berlin_cprs_prs_subscriber,n/a,pubsubwrapped,,n,y,end
y,umg.cprs,physicalreleaseschedule,ohi_umg.cprs_physicalreleaseschedule_1_detail,OHI,http://schemas.umusic.com/servicemarket/ohi_umg.cprs_physicalreleaseschedule_1_detail/19570825,umg_uk_subscriber,n/a,pubsubwrapped,,n,y,end
y,umg.cprs,physicalreleaseschedulev3,ohi_umg.cprs_physicalreleaseschedulev3_1_detail,OHI,http://schemas.umusic.com/servicemarket/ohi_umg.cprs_physicalreleaseschedulev3_1_detail/19570825,umg_jda_subscriber,n/a,pubsubwrapped,,n,y,end
y,umg.cprs,physicalreleaseschedulev3,ohi_umg.cprs_physicalreleaseschedulev3_1_detail,OHI,http://schemas.umusic.com/servicemarket/ohi_umg.cprs_physicalreleaseschedulev3_1_detail/19570825,umg_sony_dadc_distribution,n/a,pubsubwrapped,,n,y,end
y,umg.cprs,physicalreleaseschedulev3,ohi_umg.cprs_physicalreleaseschedulev3_1_detail,OHI,http://schemas.umusic.com/servicemarket/ohi_umg.cprs_physicalreleaseschedulev3_1_detail/19570825,umg_sap_cprs_subscriber,n/a,pubsubwrapped,,n,y,end
y,umg.cprs,territorialrights,ohi_umg.cprs_territorialrights_1_detail,OHI,http://schemas.umusic.com/servicemarket/ohi_umg.cprs_territorialrights_1_detail/19570825,umg_ods_subscriber,n/a,pubsubwrapped,,n,y,end
y,umg.cprs,territorialrights,ohi_umg.cprs_territorialrights_1_detail,OHI,http://schemas.umusic.com/servicemarket/ohi_umg.cprs_territorialrights_1_detail/19570825,umg_jda_subscriber,n/a,pubsubwrapped,,n,y,end
y,umg.cprs,territorialrights,ohi_umg.cprs_territorialrights_1_detail,OHI,http://schemas.umusic.com/servicemarket/ohi_umg.cprs_territorialrights_1_detail/19570825,umg_digsreporting_subscriber,n/a,pubsubwrapped,,n,y,end
y,umg.cprs,territorialrights,ohi_umg.cprs_territorialrights_1_detail,OHI,http://schemas.umusic.com/servicemarket/ohi_umg.cprs_territorialrights_1_detail/19570825,umg_rdx_cprs_tr_subscriber,n/a,pubsubwrapped,,n,y,end
D,umg.cprs,territorialrights,ohi_umg.cprs_territorialrights_1_detail,OHI,http://schemas.umusic.com/servicemarket/ohi_umg.cprs_territorialrights_1_detail/19570825,umg_edc_tr_subscriber,n/a,pubsubwrapped,,n,y,end
y,umg.cprs,nationalreleaseschedule,ohi_umg.cprs_nationalreleaseschedule_1_detail,OHI,http://schemas.umusic.com/servicemarket/ohi_umg.cprs_nationalreleaseschedule_1_detail/19570825,umg_digsreporting_subscriber,n/a,pubsubwrapped,,n,y,end
y,umg.cprs,physicaltrackedparts,ohi_umg.cprs_physicaltrackedparts_1_detail,OHI,http://schemas.umusic.com/servicemarket/ohi_umg.cprs_physicaltrackedparts_1_detail/19570825,umg_digsreporting_subscriber,n/a,pubsubwrapped,,n,y,end
y,umg.cprs,partstracking,ohi_umg.cprs_partstracking_1_detail,OHI,http://schemas.umusic.com/servicemarket/ohi_umg.cprs_partstracking_1_detail/19570825,umg_digsreporting_subscriber,n/a,pubsubwrapped,,n,y,end
y,umg.cprs,workflow,ohi_umg.cprs_workflow_1_detail,OHI,http://schemas.umusic.com/servicemarket/ohi_umg.cprs_workflow_1_detail/19570825,umg_digsreporting_subscriber,n/a,pubsubwrapped,,n,y,end
y,umg.dav,marketingtermspartnerproductupdatenotification,n/a,SOAP,,umg_gdrs_subscriber,n/a,raw,,n,y,end
y,umg.dav,marketingtermspartnerproductupdatenotification,n/a,SOAP,,umg_centralcatalogue_marketing_subscriber,n/a,raw,,n,y,end
y,umg.dav,marketingtermspartnerproductupdatenotification,n/a,SOAP,,umg_digs_mktgpartner_subscriber,n/a,raw,,n,y,end
y,umg.dav,marketingtermsproductupdatenotification,n/a,SOAP,,umg_gdrs_subscriber,n/a,raw,,n,y,end
y,umg.dav,marketingtermsproductupdatenotification,n/a,SOAP,,umg_digs_mktgproduct_subscriber,n/a,raw,,n,y,end
y,umg.dav,marketingtermspartnerproductupdatenotification,n/a,SOAP,,umg_centralcatalogue_marketing_subscriber,n/a,raw,,n,y,end
y,umg.dav,marketingtermspartnerproductupdatenotification,n/a,SOAP,,umg_gdrs_subscriber,n/a,raw,,n,y,end
y,umg.dav,marketingtermsproductupdatenotification,n/a,SOAP,,umg_gdrs_subscriber,n/a,raw,,n,y,end
y,umg.dav,marketingtermsproductupdatenotification,n/a,SOAP,,umg_digs_mktgproduct_subscriber_qa,n/a,raw,,n,y,end
y,umg.dav,marketingtermspartnerproductupdatenotification,n/a,SOAP,,umg_digs_mktgpartner_subscriber_qa,n/a,raw,,n,y,end
y,sonydadc,releaseorderednotification,n/a,SOAP,,umg_r2_subscriber,n/a,raw,,n,y,end
y,sonydadc,releaseorderednotification,n/a,SOAP,,umg_gps_firstorder_subscriber,n/a,raw,,n,y,end
y,sonydadc,releaseorderednotification,n/a,SOAP,,umg_digs_relstatus_subscriber,releasestatusmapper_releaseordered2releasestatus,raw,,n,y,end
y,sonydadc,releaseorderednotification,n/a,SOAP,,umg_digs_relstatus_subscriber_qa,releasestatusmapper_releaseordered2releasestatus,raw,,n,y,end
y,umg.dsched,releaselegalrights,ohi_umg.dsched_releaselegalrights_1_detail,OHI,http://schemas.umusic.com/servicemarket/ohi_umg.dsched_releaselegalrights_1_detail/19570825,umg_rdx_digs_rlr_subscriber,n/a,pubsubwrapped,,n,y,end
y,umg.dsched,releaseschedule,ohi_umg.dsched_releaseschedule_1_detail,OHI,http://schemas.umusic.com/servicemarket/ohi_umg.dsched_releaseschedule_1_detail/19570825,umg_dsc_digs_subscriber,n/a,pubsubwrapped,,n,y,end
y,umg.dsched,releaseschedule,ohi_umg.dsched_releaseschedule_1_detail,OHI,http://schemas.umusic.com/servicemarket/ohi_umg.dsched_releaseschedule_1_detail/19570825,umg_aspen_subscriber,n/a,pubsubwrapped,,n,y,end
y,umg.dsched,releaseschedule,ohi_umg.dsched_releaseschedule_1_detail,OHI,http://schemas.umusic.com/servicemarket/ohi_umg.dsched_releaseschedule_1_detail/19570825,umg_berlin_digs_subscriber,n/a,pubsubwrapped,,n,y,end
y,umg.dsched,releaseschedule,ohi_umg.dsched_releaseschedule_1_detail,OHI,http://schemas.umusic.com/servicemarket/ohi_umg.dsched_releaseschedule_1_detail/19570825,umg_rdx_digs_rs_subscriber,n/a,pubsubwrapped,,n,y,end
y,umg.dsched,releaseschedule,ohi_umg.dsched_releaseschedule_1_detail,OHI,http://schemas.umusic.com/servicemarket/ohi_umg.dsched_releaseschedule_1_detail/19570825,umg_uk_subscriber,n/a,pubsubwrapped,,n,y,end
y,umg.dsched,releaseschedule,ohi_umg.dsched_releaseschedule_1_detail,OHI,http://schemas.umusic.com/servicemarket/ohi_umg.dsched_releaseschedule_1_detail/19570825,umg_cla_subscriber,n/a,pubsubwrapped,,n,y,end
y,umg.dsched,releaseschedule,ohi_umg.dsched_releaseschedule_1_detail,OHI,http://schemas.umusic.com/servicemarket/ohi_umg.dsched_releaseschedule_1_detail/19570825,bitmax_subscriber,n/a,pubsubwrapped,,n,y,end
y,umg.dsched,releaseschedule,ohi_umg.dsched_releaseschedule_1_detail,OHI,http://schemas.umusic.com/servicemarket/ohi_umg.dsched_releaseschedule_1_detail/19570825,umg_d2_subscriber,n/a,pubsubwrapped,,n,y,end
y,umg.dsched,releaseschedule,ohi_umg.dsched_releaseschedule_1_detail,OHI,http://schemas.umusic.com/servicemarket/ohi_umg.dsched_releaseschedule_1_detail/19570825,umg_centralcatalogue_digs_subscriber,n/a,pubsubwrapped,,n,y,end
y,umg.dsched,releaseschedule,ohi_umg.dsched_releaseschedule_1_detail,OHI,http://schemas.umusic.com/servicemarket/ohi_umg.dsched_releaseschedule_1_detail/19570825,umg_catalyst_subscriber,n/a,pubsubwrapped,,n,y,end
y,umg.dsched,releaseschedule,ohi_umg.dsched_releaseschedule_1_detail,OHI,http://schemas.umusic.com/servicemarket/ohi_umg.dsched_releaseschedule_1_detail/19570825,umg_australia_subscriber,n/a,pubsubwrapped,,n,y,end
y,umg.dsched,releaseschedule,ohi_umg.dsched_releaseschedule_1_detail,OHI,http://schemas.umusic.com/servicemarket/ohi_umg.dsched_releaseschedule_1_detail/19570825,umg_grcs_subscriber,n/a,pubsubwrapped,,n,y,end
y,umg.dsched,releaseschedule,ohi_umg.dsched_releaseschedule_1_detail,OHI,http://schemas.umusic.com/servicemarket/ohi_umg.dsched_releaseschedule_1_detail/19570825,umg_mobileproxy_digs_subscriber,n/a,pubsubwrapped,p.DschedProductConfiguration == 133 || p.DschedProductConfiguration == 126 || p.DschedProductConfiguration == 159 || p.DschedProductConfiguration == 160 || p.DschedProductConfiguration == 161 || p.DschedProductConfiguration == 139 || p.DschedProductConfiguration == 145 || p.DschedProductConfiguration == 152 || p.DschedProductConfiguration == 127 || p.DschedProductConfiguration == 164,n,y,end
y,umg.dsched,releaseschedule,ohi_umg.dsched_releaseschedule_1_detail,OHI,http://schemas.umusic.com/servicemarket/ohi_umg.dsched_releaseschedule_1_detail/19570825,umg_gps_digs_subscriber,n/a,pubsubwrapped,p.DschedProductConfiguration != 126 && p.DschedProductConfiguration != 127 && p.DschedProductConfiguration != 133 && p.DschedProductConfiguration != 135 && p.DschedProductConfiguration != 136 && p.DschedProductConfiguration != 137 && p.DschedProductConfiguration != 139 && p.DschedProductConfiguration != 145 && p.DschedProductConfiguration != 151 && p.DschedProductConfiguration != 152 && p.DschedProductConfiguration != 159 && p.DschedProductConfiguration != 160 && p.DschedProductConfiguration != 161 && p.DschedProductConfiguration != 164,n,y,end
y,umg.dsched,releaseschedule,n/a,OHI,,umg_eai_subscriber,n/a,emasis,,n,y,end
y,umg.dsched,releaseschedule,n/a,OHI,,umg_lpi_subscriber_demo,n/a,raw,,y,y,end
y,umg.fulfilment,digital_partner,ohi_umg.fulfilment_digital_partner_1_detail,OHI,http://schemas.umusic.com/servicemarket/ohi_umg.fulfilment_digital_partner_1_detail/19570825,umg_gps_digitalpartner_subscriber,n/a,pubsubwrapped,,n,y,end
y,umg.grcs,resourcerights,ohi_umg.grcs_resourcerights_1_detail,OHI,http://schemas.umusic.com/servicemarket/ohi_umg.grcs_resourcerights_1_detail/19570825,umg_cla_subscriber,n/a,pubsubwrapped,,n,y,end
y,umg.grcs,resourcerights,ohi_umg.grcs_resourcerights_1_detail,OHI,http://schemas.umusic.com/servicemarket/ohi_umg.grcs_resourcerights_1_detail/19570825,umg_d2_subscriber,n/a,pubsubwrapped,,n,y,end
y,umg.grcs,resourcerights,ohi_umg.grcs_resourcerights_1_detail,OHI,http://schemas.umusic.com/servicemarket/ohi_umg.grcs_resourcerights_1_detail/19570825,umg_adam_subscriber,n/a,pubsubwrapped,,n,y,end
d,umg.grcs,resourcerights,ohi_umg.grcs_resourcerights_1_detail,OHI,http://schemas.umusic.com/servicemarket/ohi_umg.grcs_resourcerights_1_detail/19570825,umg_grcs_subscriber,n/a,pubsubwrapped,,n,y,end
y,umg.grcs,releaserights,ohi_umg.grcs_releaserights_1_detail,OHI,http://schemas.umusic.com/servicemarket/ohi_umg.grcs_releaserights_1_detail/19570825,umg_cla_subscriber,n/a,pubsubwrapped,,n,y,end
y,umg.grcs,releaserights,ohi_umg.grcs_releaserights_1_detail,OHI,http://schemas.umusic.com/servicemarket/ohi_umg.grcs_releaserights_1_detail/19570825,umg_digs_grs_subscriber,n/a,pubsubwrapped,,n,y,end
y,umg.grcs,trackrights,ohi_umg.grcs_trackrights_1_detail,OHI,http://schemas.umusic.com/servicemarket/ohi_umg.grcs_trackrights_1_detail/19570825,umg_d2_subscriber,n/a,pubsubwrapped,,n,y,end
d,umg.grcs,trackrights,ohi_umg.grcs_trackrights_1_detail,OHI,http://schemas.umusic.com/servicemarket/ohi_umg.grcs_trackrights_1_detail/19570825,umg_grcs_subscriber,n/a,pubsubwrapped,,n,y,end
d,umg.grcs,artistrights,ohi_umg.grcs_artistrights_1_detail,OHI,http://schemas.umusic.com/servicemarket/ohi_umg.grcs_artistrights_1_detail/19570825,umg_grcs_subscriber,n/a,pubsubwrapped,,n,y,end
d,umg.grcs,contractrights,ohi_umg.grcs_contractrights_1_detail,OHI,http://schemas.umusic.com/servicemarket/ohi_umg.grcs_contractrights_1_detail/19570825,umg_grcs_subscriber,n/a,pubsubwrapped,,n,y,end
d,umg.grcs,projectrights,ohi_umg.grcs_projectrights_1_detail,OHI,http://schemas.umusic.com/servicemarket/ohi_umg.grcs_projectrights_1_detail/19570825,umg_grcs_subscriber,n/a,pubsubwrapped,,n,y,end
d,umg.grcs,releaserights,n/a,OHI,,umg_lpi_subscriber,n/a,raw,,y,y,end
y,umg.grcs,resourcerights,n/a,OHI,,umg_lpi_subscriber,n/a,raw,,y,y,end
y,umg.grcs,trackrights,n/a,OHI,,umg_lpi_subscriber,n/a,raw,,y,y,end
d,umg.grcs,releaserights,n/a,OHI,,umg_lpi_subscriber_demo,n/a,raw,,y,y,end
y,umg.grcs,resourcerights,n/a,OHI,,umg_lpi_subscriber_demo,n/a,raw,,y,y,end
y,umg.grcs,trackrights,n/a,OHI,,umg_lpi_subscriber_demo,n/a,raw,,y,y,end
y,umg.grcs,releaserights,ohi_umg.grcs_releaserights_1_detail,OHI,http://schemas.umusic.com/servicemarket/ohi_umg.grcs_releaserights_1_detail/19570825,umg_digs_grs_subscriber_qa,n/a,pubsubwrapped,,n,y,end
y,umg.gta,financiallabel,n/a,OHI,,umg_eai_subscriber,gta_financiallabelmapper,emasis,,n,y,end
y,umg.gta,hfmrepertoireowner,n/a,OHI,,umg_eai_subscriber,repertoireownermapper,emasis,,n,y,end
y,umg.hal,resourceavailabilitynotification,n/a,SOAP,,umg_mobileproxy_resourceavailability_subscriber,resourceavailablenotificationmapper_v2tov3,raw,,n,y,end
y,umg.hal,resourceavailabilitynotification,n/a,SOAP,,umg_zeus_subscriber,n/a,raw,,n,y,end
y,umg.hal,resourceavailabilitynotification,n/a,SOAP,,umg_r2_subscriber,n/a,raw,,n,y,end
y,umg.hal,resourceavailabilitynotification,n/a,SOAP,,umg_digs_rav_subscriber,resourceavailablenotificationmapper_v2tov3_halindmatoaspenhercules,raw,,n,y,end
y,umg.hal,resourceavailabilitynotification,n/a,SOAP,,umg_resourcepreviewer_tulsa_subscriber1,n/a,raw,,n,y,end
y,umg.hal,resourceavailabilitynotification,n/a,SOAP,,umg_resourcepreviewer_tulsa_subscriber2,n/a,raw,,n,y,end
y,umg.hal,resourceavailabilitynotification,n/a,SOAP,,umg_d2_subscriber,n/a,raw,,n,y,end
y,umg.hal,resourceavailabilitynotification,n/a,SOAP,,umg_digs_rav_subscriber_qa,resourceavailablenotificationmapper_v2tov3_halindmatoaspenhercules,raw,,n,y,end
y,umg.mediaportal,panddmarketingterms,ohi_umg.mediaportal_panddmarketingterms_1_detail,OHI,http://schemas.umusic.com/servicemarket/ohi_umg.mediaportal_panddmarketingterms_1_detail/19570825,umg_digs_pandd_subscriber,n/a,pubsubwrapped,,n,y,end
y,umg.mediaportal,panddmarketingterms,ohi_umg.mediaportal_panddmarketingterms_1_detail,OHI,http://schemas.umusic.com/servicemarket/ohi_umg.mediaportal_panddmarketingterms_1_detail/19570825,umg_d2_subscriber,n/a,pubsubwrapped,,n,y,end
y,umg.mediaportal,panddreleaseschedule,ohi_umg.mediaportal_panddreleaseschedule_1_detail,OHI,http://schemas.umusic.com/servicemarket/ohi_umg.mediaportal_panddreleaseschedule_1_detail/19570825,umg_digs_pandd_subscriber,n/a,pubsubwrapped,,n,y,end
y,umg.mediaportal,panddreleaseschedule,ohi_umg.mediaportal_panddreleaseschedule_1_detail,OHI,http://schemas.umusic.com/servicemarket/ohi_umg.mediaportal_panddreleaseschedule_1_detail/19570825,umg_digs_pandd_subscriber_qa,n/a,pubsubwrapped,,n,y,end
y,umg.mediaportal,panddmarketingterms,ohi_umg.mediaportal_panddmarketingterms_1_detail,OHI,http://schemas.umusic.com/servicemarket/ohi_umg.mediaportal_panddmarketingterms_1_detail/19570825,umg_digs_pandd_subscriber_qa,n/a,pubsubwrapped,,n,y,end
y,umg.milestone,usphysicalreleaseschedulereferencedata,ohi_umg.milestone_usphysicalreleaseschedulereferencedata_1_detail,OHI,http://schemas.umusic.com/servicemarket/ohi_umg.milestone_usphysicalreleaseschedulereferencedata_1_detail/19570825,umg_digsreporting_subscriber,n/a,pubsubwrapped,,n,y,end
y,umg.milestone,usphysicalreleaseschedule,ohi_umg.milestone_usphysicalreleaseschedule_1_detail,OHI,http://schemas.umusic.com/servicemarket/ohi_umg.milestone_usphysicalreleaseschedule_1_detail/19570825,umg_digsreporting_subscriber,n/a,pubsubwrapped,,n,y,end
y,umg.mobile.proxy,resourceavailabilitynotification,n/a,SOAP,,umg_zeus_subscriber,resourceavailablenotificationmapper,raw,,n,y,end
y,umg.mobile.proxy,resourceavailabilitynotification,n/a,SOAP,,umg_r2_subscriber,resourceavailablenotificationmapper,raw,,n,y,end
y,umg.mobile.proxy,resourceavailabilitynotification,n/a,SOAP,,umg_d2_subscriber,resourceavailablenotificationmapper,raw,,n,y,end
y,umg.mobile.proxy,resourceavailabilitynotification,n/a,SOAP,,umg_digs_rav_subscriber,n/a,raw,,n,y,end
y,umg.mobile.proxy,resourceavailabilitynotification,n/a,SOAP,,umg_digs_rav_subscriber_qa,n/a,raw,,n,y,end
y,umg.pricing.gps,releaseprice,ohi_umg.pricing.gps_releaseprice_1_detail,OHI,http://schemas.umusic.com/servicemarket/ohi_umg.pricing.gps_releaseprice_1_detail/19570825,umg_customorchestration,gpsReleasePriceDetailToGpsReleasePriceNotificationMapper,pubsubwrapped,,n,y,end
y,umg.pricing.gps,releaseprice,ohi_umg.pricing.gps_releaseprice_1_notification,Custom Orch,http://schemas.umusic.com/servicemarket/ohi_umg.pricing.gps_releaseprice_1_detail/19570825,umg_zeus_subscriber,n/a,pubsubwrapped,p.GpsReleasePriceRegion == "na" && ( p.SubscriberFilterValue == "umg" || p.SubscriberFilterValue == "multicompany"),n,y,end
y,umg.pricing.gps,releaseprice,ohi_umg.pricing.gps_releaseprice_1_notification,Custom Orch,http://schemas.umusic.com/servicemarket/ohi_umg.pricing.gps_releaseprice_1_detail/19570825,umg_dsc_subscriber,n/a,pubsubwrapped,p.GpsReleasePriceRegion == "intl" && ( p.SubscriberFilterValue == "umg" || p.SubscriberFilterValue == "multicompany"),n,y,end
y,umg.pricing.gps,releaseprice,ohi_umg.pricing.gps_releaseprice_1_notification,Custom Orch,http://schemas.umusic.com/servicemarket/ohi_umg.pricing.gps_releaseprice_1_detail/19570825,umg_digs_gps_subscriber,n/a,pubsubwrapped,p.SubscriberFilterValue == "umg" || p.SubscriberFilterValue == "multicompany",n,y,end
y,umg.pricing.gps,releaseprice,ohi_umg.pricing.gps_releaseprice_1_notification,Custom Orch,http://schemas.umusic.com/servicemarket/ohi_umg.pricing.gps_releaseprice_1_detail/19570825,sonydadc_gps_subscriber,n/a,pubsubwrapped,p.SubscriberFilterValue == "multicompany" || p.SubscriberFilterValue == "emi",n,y,end
y,umg.pricing.gps,resourceprice,ohi_umg.pricing.gps_resourceprice_1_detail,OHI,http://schemas.umusic.com/servicemarket/ohi_umg.pricing.gps_resourceprice_1_detail/19570825,umg_customorchestration,gpsResourcePriceDetailToGpsResourcePriceNotificationMapper,pubsubwrapped,,n,y,end
y,umg.pricing.gps,resourceprice,ohi_umg.pricing.gps_resourceprice_1_notification,Custom Orch,http://schemas.umusic.com/servicemarket/ohi_umg.pricing.gps_resourceprice_1_detail/19570825,umg_zeus_subscriber,n/a,pubsubwrapped,p.Region == "na",n,y,end
y,umg.pricing.gps,resourceprice,ohi_umg.pricing.gps_resourceprice_1_notification,Custom Orch,http://schemas.umusic.com/servicemarket/ohi_umg.pricing.gps_resourceprice_1_detail/19570825,umg_dsc_subscriber,n/a,pubsubwrapped,p.Region == "intl",n,y,end
y,umg.pricing.gps,resourceprice,ohi_umg.pricing.gps_resourceprice_1_notification,Custom Orch,http://schemas.umusic.com/servicemarket/ohi_umg.pricing.gps_resourceprice_1_detail/19570825,sonydadc_gps_subscriber,n/a,pubsubwrapped,p.SubscriberFilterValue == "multicompany" || p.SubscriberFilterValue == "emi",n,y,end
y,umg.pricing.gps,trackprice,ohi_umg.pricing.gps_trackprice_1_detail,OHI,http://schemas.umusic.com/servicemarket/ohi_umg.pricing.gps_trackprice_1_detail/19570825,umg_customorchestration,gpsTrackPriceDetailToGpsTrackPriceNotificationMapper,pubsubwrapped,,n,y,end
y,umg.pricing.gps,trackprice,ohi_umg.pricing.gps_trackprice_1_notification,Custom Orch,http://schemas.umusic.com/servicemarket/ohi_umg.pricing.gps_trackprice_1_detail/19570825,umg_zeus_subscriber,n/a,pubsubwrapped,p.GpsTrackPriceRegion == "na" && (p.SubscriberFilterValue == "umg" || p.SubscriberFilterValue == "multicompany"),n,y,end
y,umg.pricing.gps,trackprice,ohi_umg.pricing.gps_trackprice_1_notification,Custom Orch,http://schemas.umusic.com/servicemarket/ohi_umg.pricing.gps_trackprice_1_detail/19570825,sonydadc_gps_subscriber,n/a,pubsubwrapped,p.SubscriberFilterValue == "multicompany" || p.SubscriberFilterValue == "emi",n,y,end
y,umg.pricing.gps,releaseprice,ohi_umg.pricing.gps_releaseprice_1_notification,Custom Orch,http://schemas.umusic.com/servicemarket/ohi_umg.pricing.gps_releaseprice_1_detail/19570825,umg_digs_gps_subscriber_qa,n/a,pubsubwrapped,p.SubscriberFilterValue == "umg" || p.SubscriberFilterValue == "multicompany",n,y,end
y,umg.r2,pccompany,ohi_umg.r2_pccompany_1_detail,OHI,http://schemas.umusic.com/servicemarket/ohi_umg.r2_pccompany_1_detail/19570825,umg_grcs_subscriber,n/a,pubsubwrapped,,n,y,end
y,umg.r2,pccompany,ohi_umg.r2_pccompany_1_detail,OHI,http://schemas.umusic.com/servicemarket/ohi_umg.r2_pccompany_1_detail/19570825,umg_musicgadget_subscriber,n/a,pubsubwrapped,,n,y,end
y,umg.r2,project,ohi_umg.r2_project_1_detail,OHI,http://schemas.umusic.com/servicemarket/ohi_umg.r2_project_1_detail/19570825,umg_grcs_subscriber,n/a,pubsubwrapped,,n,y,end
y,umg.r2,project,ohi_umg.r2_project_1_detail,OHI,http://schemas.umusic.com/servicemarket/ohi_umg.r2_project_1_detail/19570825,umg_musicgadget_subscriber,n/a,pubsubwrapped,,n,y,end
y,umg.r2,role,ohi_umg.r2_role_1_detail,OHI,http://schemas.umusic.com/servicemarket/ohi_umg.r2_role_1_detail/19570825,umg_digsreporting_subscriber,n/a,pubsubwrapped,,n,y,end
y,umg.r2,role,ohi_umg.r2_role_1_detail,OHI,http://schemas.umusic.com/servicemarket/ohi_umg.r2_role_1_detail/19570825,umg_musicgadget_subscriber,n/a,pubsubwrapped,,n,y,end
y,umg.r2,release,ohi_umg.r2_release_1_detail,OHI,http://schemas.umusic.com/servicemarket/ohi_umg.r2_release_1_detail/19570825,umg_digsreporting_subscriber,n/a,pubsubwrapped,,n,y,end
y,umg.r2,release,ohi_umg.r2_release_1_detail,OHI,http://schemas.umusic.com/servicemarket/ohi_umg.r2_release_1_detail/19570825,umg_grcs_subscriber,n/a,pubsubwrapped,,n,y,end
y,umg.r2,release,ohi_umg.r2_release_1_detail,OHI,http://schemas.umusic.com/servicemarket/ohi_umg.r2_release_1_detail/19570825,umg_musicgadget_subscriber,n/a,pubsubwrapped,,n,y,end
y,umg.r2,releaselocal,ohi_umg.r2_releaselocal_1_detail,OHI,http://schemas.umusic.com/servicemarket/ohi_umg.r2_releaselocal_1_detail/19570825,umg_digsreporting_subscriber,n/a,pubsubwrapped,,n,y,end
y,umg.r2,resource,ohi_umg.r2_resource_1_detail,OHI,http://schemas.umusic.com/servicemarket/ohi_umg.r2_resource_1_detail/19570825,umg_digsreporting_subscriber,n/a,pubsubwrapped,,n,y,end
y,umg.r2,resource,ohi_umg.r2_resource_1_detail,OHI,http://schemas.umusic.com/servicemarket/ohi_umg.r2_resource_1_detail/19570825,umg_grcs_subscriber,n/a,pubsubwrapped,,n,y,end
y,umg.r2,resource,ohi_umg.r2_resource_1_detail,OHI,http://schemas.umusic.com/servicemarket/ohi_umg.r2_resource_1_detail/19570825,umg_musicgadget_subscriber,n/a,pubsubwrapped,,n,y,end
y,umg.r2,talent,ohi_umg.r2_talent_1_detail,OHI,http://schemas.umusic.com/servicemarket/ohi_umg.r2_talent_1_detail/19570825,umg_grcs_subscriber,n/a,pubsubwrapped,,n,y,end
y,umg.r2,talentname,ohi_umg.r2_talentname_1_detail,OHI,http://schemas.umusic.com/servicemarket/ohi_umg.r2_talentname_1_detail/19570825,umg_digsreporting_subscriber,n/a,pubsubwrapped,,n,y,end
y,umg.r2,talentname,ohi_umg.r2_talentname_1_detail,OHI,http://schemas.umusic.com/servicemarket/ohi_umg.r2_talentname_1_detail/19570825,umg_grcs_subscriber,n/a,pubsubwrapped,,n,y,end
y,umg.r2,talentname,ohi_umg.r2_talentname_1_detail,OHI,http://schemas.umusic.com/servicemarket/ohi_umg.r2_talentname_1_detail/19570825,umg_musicgadget_subscriber,n/a,pubsubwrapped,,n,y,end
y,umg.r2,controldata,ohi_umg.r2_controldata_1_detail,OHI,http://schemas.umusic.com/servicemarket/ohi_umg.r2_controldata_1_detail/19570825,umg_digsreporting_subscriber,n/a,pubsubwrapped,,n,y,end
y,umg.r2,controldata,ohi_umg.r2_controldata_1_detail,OHI,http://schemas.umusic.com/servicemarket/ohi_umg.r2_controldata_1_detail/19570825,umg_musicgadget_subscriber,n/a,pubsubwrapped,,n,y,end
y,umg.r2,translationentity,ohi_umg.r2_translationentity_1_detail,OHI,http://schemas.umusic.com/servicemarket/ohi_umg.r2_translationentity_1_detail/19570825,umg_musicgadget_subscriber,n/a,pubsubwrapped,,n,y,end
y,umg.r2,jpreleaselan,ohi_umg.r2_jpreleaselan_1_detail,OHI,http://schemas.umusic.com/servicemarket/ohi_umg.r2_jpreleaselan_1_detail/19570825,umg_musicgadget_subscriber,n/a,pubsubwrapped,,n,y,end
y,umg.r2,jpresource,ohi_umg.r2_jpresource_1_detail,OHI,http://schemas.umusic.com/servicemarket/ohi_umg.r2_jpresource_1_detail/19570825,umg_musicgadget_subscriber,n/a,pubsubwrapped,,n,y,end
y,umg.r2,work,ohi_umg.r2_work_1_detail,OHI,http://schemas.umusic.com/servicemarket/ohi_umg.r2_work_1_detail/19570825,umg_musicgadget_subscriber,n/a,pubsubwrapped,,n,y,end
y,umg.r2,location,ohi_umg.r2_location_1_detail,OHI,http://schemas.umusic.com/servicemarket/ohi_umg.r2_location_1_detail/19570825,umg_musicgadget_subscriber,n/a,pubsubwrapped,,n,y,end
y,umg.r2,publishingcompany,ohi_umg.r2_publishingcompany_1_detail,OHI,http://schemas.umusic.com/servicemarket/ohi_umg.r2_publishingcompany_1_detail/19570825,umg_musicgadget_subscriber,n/a,pubsubwrapped,,n,y,end
y,umg.r2,productioncompany,ohi_umg.r2_productioncompany_1_detail,OHI,http://schemas.umusic.com/servicemarket/ohi_umg.r2_productioncompany_1_detail/19570825,umg_musicgadget_subscriber,n/a,pubsubwrapped,,n,y,end
y,umg.r2,financialdataupc,ohi_umg.r2_financialdataupc_1_detail,OHI,http://schemas.umusic.com/servicemarket/ohi_umg.r2_financialdataupc_1_detail/19570825,umg_musicgadget_subscriber,n/a,pubsubwrapped,(p.R2Country2 == "jp") || p.action == "deleted",n,y,end
y,umg.r2,financialdataisrc,ohi_umg.r2_financialdataisrc_1_detail,OHI,http://schemas.umusic.com/servicemarket/ohi_umg.r2_financialdataisrc_1_detail/19570825,umg_musicgadget_subscriber,n/a,pubsubwrapped,(p.R2Country2 == "jp") || p.action == "deleted",n,y,end
y,umg.r2,worklocal,ohi_umg.r2_worklocal_1_detail,OHI,http://schemas.umusic.com/servicemarket/ohi_umg.r2_worklocal_1_detail/19570825,umg_musicgadget_subscriber,n/a,pubsubwrapped,(p.R2Country2 == "jp") || p.action == "deleted",n,y,end
y,umg.r2,translation,ohi_umg.r2_translation_1_detail,OHI,http://schemas.umusic.com/servicemarket/ohi_umg.r2_translation_1_detail/19570825,umg_musicgadget_subscriber,n/a,pubsubwrapped,(p.R2Country2 == "jp") || p.action == "deleted",n,y,end
y,umg.r2,releaselocal,ohi_umg.r2_releaselocal_1_detail,OHI,http://schemas.umusic.com/servicemarket/ohi_umg.r2_releaselocal_1_detail/19570825,umg_musicgadget_subscriber,n/a,pubsubwrapped,(p.R2Country2 == "jp") || p.action == "deleted",n,y,end
y,umg.r2,resourcelocal,ohi_umg.r2_resourcelocal_1_detail,OHI,http://schemas.umusic.com/servicemarket/ohi_umg.r2_resourcelocal_1_detail/19570825,umg_musicgadget_subscriber,n/a,pubsubwrapped,(p.R2Country2 == "jp") || p.action == "deleted",n,y,end
y,umg.r2,releaselocal,ohi_umg.r2_releaselocal_1_detail,OHI,http://schemas.umusic.com/servicemarket/ohi_umg.r2_releaselocal_1_detail/19570825,umg_grcs_subscriber,n/a,pubsubwrapped,p.R2OriginatingIndicator == "y",n,y,end
y,umg.r2,resourcelocal,ohi_umg.r2_resourcelocal_1_detail,OHI,http://schemas.umusic.com/servicemarket/ohi_umg.r2_resourcelocal_1_detail/19570825,umg_grcs_subscriber,n/a,pubsubwrapped,p.R2ResLocalOriginatingIndicator == "y",n,y,end
y,umg.r2,releaseorderednotification,n/a,SOAP,,umg_r2_subscriber,n/a,raw,,n,y,end
y,umg.r2,resourceavailabilitynotification,n/a,SOAP,,umg_r2_subscriber,n/a,raw,,n,y,end
y,umg.r2,translationentity,ohi_umg.r2_translationentity_1_detail,OHI,http://schemas.umusic.com/servicemarket/ohi_umg.r2_translationentity_1_detail/19570825,umg_digs_r2_subscriber_qa,n/a,pubsubwrapped,,n,y,end
y,umg.r2,translation,ohi_umg.r2_translation_1_detail,OHI,http://schemas.umusic.com/servicemarket/ohi_umg.r2_translation_1_detail/19570825,umg_digs_r2_subscriber_qa,n/a,pubsubwrapped,p.R2TranlationCountryId == "jp" && p.R2TranlationLanguageNo ==11,n,y,end
y,umg.r2,talentname,ohi_umg.r2_talentname_1_detail,OHI,http://schemas.umusic.com/servicemarket/ohi_umg.r2_talentname_1_detail/19570825,umg_digs_r2_subscriber_qa,n/a,pubsubwrapped,,n,y,end
y,umg.r2,resource,ohi_umg.r2_resource_1_detail,OHI,http://schemas.umusic.com/servicemarket/ohi_umg.r2_resource_1_detail/19570825,umg_digs_r2_subscriber_qa,n/a,pubsubwrapped,,n,y,end
y,umg.r2,releaselocal,ohi_umg.r2_releaselocal_1_detail,OHI,http://schemas.umusic.com/servicemarket/ohi_umg.r2_releaselocal_1_detail/19570825,umg_digs_r2_subscriber_qa,n/a,pubsubwrapped,,n,y,end
y,umg.r2,release,ohi_umg.r2_release_1_detail,OHI,http://schemas.umusic.com/servicemarket/ohi_umg.r2_release_1_detail/19570825,umg_digs_r2_subscriber_qa,n/a,pubsubwrapped,,n,y,end
y,umg.r2,jpreleaselan,ohi_umg.r2_jpreleaselan_1_detail,OHI,http://schemas.umusic.com/servicemarket/ohi_umg.r2_jpreleaselan_1_detail/19570825,umg_digs_r2_subscriber_qa,n/a,pubsubwrapped,,n,y,end
y,umg.sap,legalentity,ohi_umg.sap_legalentity_1_detail,OHI,http://schemas.umusic.com/servicemarket/ohi_umg.sap_legalentity_1_detail/19570825,umg_gta_subscriber,n/a,pubsubwrapped,,n,y,end
y,umg.sap,profitcenter,ohi_umg.sap_profitcenter_1_detail,OHI,http://schemas.umusic.com/servicemarket/ohi_umg.sap_profitcenter_1_detail/19570825,umg_gta_subscriber,n/a,pubsubwrapped,,n,y,end
y,umg.sap,segment,ohi_umg.sap_segment_1_detail,OHI,http://schemas.umusic.com/servicemarket/ohi_umg.sap_segment_1_detail/19570825,umg_gta_subscriber,n/a,pubsubwrapped,,n,y,end
y,studiohub,dealproductroyaltyprovisionsmessage,n/a,EM,,umg_globalroyalties_subscriber_dev,n/a,raw,,y,n,end
y,umg.r2,releaseorderednotification,n/a,SOAP,,umg_r2_subscriber_qa,n/a,raw,,n,y,end
y,studiohub,ingestrequestmessage,n/a,EM,n/a,umg_aspen_rest_subscriber,n/a,raw,,y,n,end
y,gps,globalreleasepricemessage,n/a,EM,,umg_dsc_subscriber,n/a,raw,,n,y,end
y,gps,globalresourcepricemessage,n/a,EM,,umg_dsc_subscriber,n/a,raw,,n,y,end
y,gps,globalreleasepricemessage,n/a,EM,,umg_disco_pricing_subscriber_demo,n/a,raw,,y,y,end
y,gps,globalresourcepricemessage,n/a,EM,,umg_disco_pricing_subscriber_demo,n/a,raw,,y,y,end
y,umg.cprs,billofmaterials,ohi_umg.cprs_billofmaterials_1_detail,OHI,http://schemas.umusic.com/servicemarket/ohi_umg.cprs_billofmaterials_1_detail/19570825,umg_sap_cprs_subscriber_qa,n/a,pubsubwrapped,,n,y,end
y,umg.cprs,physicalreleaseschedulev3,ohi_umg.cprs_physicalreleaseschedulev3_1_detail,OHI,http://schemas.umusic.com/servicemarket/ohi_umg.cprs_physicalreleaseschedulev3_1_detail/19570825,umg_sap_cprs_subscriber_qa,n/a,pubsubwrapped,,n,y,end
y,studiohub,grsresourcerightsload,n/a,EM,,umg_grcs_subscriber,n/a,raw,,n,y,end
y,studiohub,grsresourcerightsload,n/a,EM,,umg_grcs_subscriber_qa,n/a,raw,,n,y,end
y,studiohub,grscontractrightsload,n/a,EM,,umg_grcs_subscriber_qa,n/a,raw,,n,y,end
y,umg.dsched,releaseschedule,n/a,OHI,,umg_lpi_subscriber,n/a,raw,,y,y,end
y,sonydadc,releasestatusnotification,n/a,EM,,umg_digs_relstatus_subscriber,n/a,raw,,n,y,end
y,sonydadc,releasestatusnotification,n/a,EM,,umg_digs_relstatus_subscriber_qa,n/a,raw,,n,y,end
y,metadataservices,resourceregistrationresponsemessage,n/a,EM,,umg_lpi_subscriber_demo_1,n/a,raw,,y,y,end
y,studiohub,masterreleasenotificationmessage,n/a,EM,,umg_disco_masterrelease_subscriber,n/a,raw,,y,y,end
y,studiohub,masterreleasenotificationmessage,n/a,EM,,umg_disco_masterrelease_subscriber_demo,n/a,raw,,y,y,end
y,studiohub,RepertoireResourceNotification,n/a,EM,,umg_metadataservices_subscriber,n/a,raw,,y,y,endy
y,gta,country,ohi_gta_country_1_detail,OHI,http://schemas.umusic.com/servicemarket/ohi_gta_country_1_detail/19570825,umg_gch_gta_subscriber,gta_countrymapper,pubsubwrapped,,y,y,end
y,gto,company,ohi_gto_company_1_detail,OHI,http://schemas.umusic.com/servicemarket/ohi_gto_company_1_detail/19570825,umg_gch_gta_subscriber,gta_companymapper,pubsubwrapped,,y,y,end
y,gta,currency,ohi_gta_currency_1_detail,OHI,http://schemas.umusic.com/servicemarket/ohi_gta_currency_1_detail/19570825,umg_gch_gta_subscriber,gta_currencymapper,pubsubwrapped,,y,y,end
y,umg.gta,financiallabel,ohi_umg.gta_financiallabel_1_detail,OHI,http://schemas.umusic.com/servicemarket/ohi_umg.gta_financiallabel_1_detail/19570825,umg_gch_gta_subscriber,gta_financiallabelmapper,pubsubwrapped,,y,y,end
y,gta,saleschannel,ohi_gta_saleschannel_1_detail,OHI,http://schemas.umusic.com/servicemarket/ohi_gta_saleschannel_1_detail/19570825,umg_gch_gta_subscriber,gta_saleschannelmapper,pubsubwrapped,,y,y,end
y,gta,configuration,ohi_gta_configuration_1_detail,OHI,http://schemas.umusic.com/servicemarket/ohi_gta_configuration_1_detail/19570825,umg_gch_gta_subscriber,gta_configurationmapper,pubsubwrapped,,y,y,end
y,studiohub,RepertoireResourceNotification,n/a,EM,,umg_metadataservices_subscriber,n/a,raw,,y,y,end
y,metadataservices,resourceregistrationresponsemessage,n/a,EM,,umg_lpi_subscriber_QA_1,n/a,raw,,y,y,end
y,umg.cprs,physicalreleaseschedulev3,n/a,OHI,,avarto_cprs_subscriber,n/a,emasis,,n,y,end
y,umg.cprs,territorialrights,n/a,OHI,,avarto_cprs_subscriber,n/a,emasis,,n,y,end
y,gto,company,ohi_gto_company_1_detail,OHI,http://schemas.umusic.com/servicemarket/ohi_gto_company_1_detail/19570825,disco_cla_subscriber,gta_company_raw_mapper,pubsubwrapped,,y,y,end
y,gto,label,ohi_gto_label_1_detail,OHI,http://schemas.umusic.com/servicemarket/ohi_gto_label_1_detail/19570825,disco_cla_subscriber,gta_label_raw_mapper,pubsubwrapped,,y,y,end
y,gto,companydivision,ohi_gto_companydivision_1_detail,OHI,http://schemas.umusic.com/servicemarket/ohi_gto_companydivision_1_detail/19570825,disco_cla_subscriber,gta_companydivision_raw_mapper,pubsubwrapped,,y,y,end
y,umg.mediaportal,grsresourcerightsload,n/a,EM,,umg_grcs_subscriber,n/a,raw,,n,y,end
y,umg.mediaportal,grsresourcerightsload,n/a,EM,,umg_grcs_subscriber_qa,n/a,raw,,n,y,end
y,bitmax,digitalassetupdatenotificationmessage,n/a,EM,,umg_lpi_subscriber,n/a,raw,,y,n,end
y,bitmax,digitalassetupdatenotificationmessage,n/a,EM,,umg_lpi_subscriber_demo,n/a,raw,,y,n,end
y,gto,divisionlabel,ohi_gto_divisionlabel_1_detail,OHI,http://schemas.umusic.com/servicemarket/ohi_gto_divisionlabel_1_detail/19570825,disco_cla_subscriber,gta_divisionlabel_raw_mapper,pubsubwrapped,,y,y,end
y,gta,territorycountry,ohi_gta_territorycountry_1_detail,OHI,http://schemas.umusic.com/servicemarket/ohi_gta_territorycountry_1_detail/19570825,disco_cla_subscriber,gta_territorycountry_raw_mapper,pubsubwrapped,,y,y,end
y,gta,country,ohi_gta_country_1_detail,OHI,http://schemas.umusic.com/servicemarket/ohi_gta_country_1_detail/19570825,disco_cla_subscriber,gta_country_raw_mapper,pubsubwrapped,,y,y,end
y,gta,territory,ohi_gta_territory_1_detail,OHI,http://schemas.umusic.com/servicemarket/ohi_gta_territory_1_detail/19570825,disco_cla_subscriber,gta_territory_raw_mapper,pubsubwrapped,,y,y,end
y,umg.r2,ExternalKey,OHI_UMG.R2_ExternalKey_1_Detail,OHI,http://schemas.umusic.com/servicemarket/ohi_umg.r2_externalkey_1_detail/19570825,umg_digsreporting_subscriber_dev,n/a,pubsubwrapped,,n,y,end
n,umg.r2,ExternalKey,OHI_UMG.R2_ExternalKey_1_Detail,OHI,http://schemas.umusic.com/servicemarket/ohi_umg.r2_externalkey_1_detail/19570825,umg_digsreporting_subscriber,n/a,pubsubwrapped,,n,y,end
y,umg.r2,release,ohi_umg.r2_release_1_detail,OHI,http://schemas.umusic.com/servicemarket/ohi_umg.r2_release_1_detail/19570825,umg_digsreporting_subscriber_dev,n/a,pubsubwrapped,,n,y,end
y,umg.r2,releaselocal,ohi_umg.r2_releaselocal_1_detail,OHI,http://schemas.umusic.com/servicemarket/ohi_umg.r2_releaselocal_1_detail/19570825,umg_digsreporting_subscriber_dev,n/a,pubsubwrapped,,n,y,end
y,umg.r2,resource,ohi_umg.r2_resource_1_detail,OHI,http://schemas.umusic.com/servicemarket/ohi_umg.r2_resource_1_detail/19570825,umg_digsreporting_subscriber_dev,n/a,pubsubwrapped,,n,y,end
y,umg.r2,talentname,ohi_umg.r2_talentname_1_detail,OHI,http://schemas.umusic.com/servicemarket/ohi_umg.r2_talentname_1_detail/19570825,umg_digsreporting_subscriber_dev,n/a,pubsubwrapped,,n,y,end
y,umg.r2,controldata,ohi_umg.r2_controldata_1_detail,OHI,http://schemas.umusic.com/servicemarket/ohi_umg.r2_controldata_1_detail/19570825,umg_digsreporting_subscriber_dev,n/a,pubsubwrapped,,n,y,end
y,umg.r2,pccompany,ohi_umg.r2_pccompany_1_detail,OHI,http://schemas.umusic.com/servicemarket/ohi_umg.r2_pccompany_1_detail/19570825,umg_grcstraining_subscriber,n/a,pubsubwrapped,,n,y,end
y,umg.r2,project,ohi_umg.r2_project_1_detail,OHI,http://schemas.umusic.com/servicemarket/ohi_umg.r2_project_1_detail/19570825,umg_grcstraining_subscriber,n/a,pubsubwrapped,,n,y,end
y,umg.r2,release,ohi_umg.r2_release_1_detail,OHI,http://schemas.umusic.com/servicemarket/ohi_umg.r2_release_1_detail/19570825,umg_grcstraining_subscriber,n/a,pubsubwrapped,,n,y,end
y,umg.r2,resource,ohi_umg.r2_resource_1_detail,OHI,http://schemas.umusic.com/servicemarket/ohi_umg.r2_resource_1_detail/19570825,umg_grcstraining_subscriber,n/a,pubsubwrapped,,n,y,end
y,umg.r2,talent,ohi_umg.r2_talent_1_detail,OHI,http://schemas.umusic.com/servicemarket/ohi_umg.r2_talent_1_detail/19570825,umg_grcstraining_subscriber,n/a,pubsubwrapped,,n,y,end
y,umg.r2,talentname,ohi_umg.r2_talentname_1_detail,OHI,http://schemas.umusic.com/servicemarket/ohi_umg.r2_talentname_1_detail/19570825,umg_grcstraining_subscriber,n/a,pubsubwrapped,,n,y,end
y,umg.r2,releaselocal,ohi_umg.r2_releaselocal_1_detail,OHI,http://schemas.umusic.com/servicemarket/ohi_umg.r2_releaselocal_1_detail/19570825,umg_grcstraining_subscriber,n/a,pubsubwrapped,p.R2OriginatingIndicator == "y",n,y,end
y,umg.r2,resourcelocal,ohi_umg.r2_resourcelocal_1_detail,OHI,http://schemas.umusic.com/servicemarket/ohi_umg.r2_resourcelocal_1_detail/19570825,umg_grcstraining_subscriber,n/a,pubsubwrapped,p.R2ResLocalOriginatingIndicator == "y",n,y,end
y,aspen,digitalassetupdatenotificationmessage,n/a,EM,,umg_lpi_subscriber_demo,n/a,raw,p.ReplyTo == "studiohub",y,n,end
y,aspen,digitalassetupdatenotificationmessage,n/a,EM,,umg_lpi_subscriber,n/a,raw,p.ReplyTo == "rws",y,n,end
y,digiplug.anthologic,marketingandlegalrestrictionsnotification,n/a,SOAP,,umg_australia_subscriber,n/a,raw,,n,y,end
